forecast_date,part_number,model,training_start,training_end,lead_time_start,lead_time_end,evaluation_start,evaluation_end,predicted_demand,true_demand,recommended_order,safety_buffer,forecast_error,absolute_error,under_forecast_qty,over_forecast_qty
2024-10-01,PN-1000,MODEL-A,2024-01-01,2024-10-01,2024-10-01,2024-12-30,2024-12-30,2025-03-30,6.0,0.0,8,1.5,6.0,6.0,0,6.0
2024-10-01,PN-1001,MODEL-A,2024-01-01,2024-10-01,2024-10-01,2024-12-30,2024-12-30,2025-03-30,64.5,5.0,81,16.125,59.5,59.5,0,59.5
2024-10-01,PN-1002,MODEL-A,2024-01-01,2024-10-01,2024-10-01,2024-12-30,2024-12-30,2025-03-30,48.0,5.0,60,12.0,43.0,43.0,0,43.0
2024-10-01,PN-1003,MODEL-B,2024-01-01,2024-10-01,2024-10-01,2024-12-30,2024-12-30,2025-03-30,254.30769230769232,3.0,318,63.57692307692308,251.30769230769232,251.30769230769232,0,251.30769230769232
2024-10-01,PN-1004,MODEL-B,2024-01-01,2024-10-01,2024-10-01,2024-12-30,2024-12-30,2025-03-30,75.23076923076924,2.0,95,18.80769230769231,73.23076923076924,73.23076923076924,0,73.23076923076924
2024-10-01,PN-1005,MODEL-B,2024-01-01,2024-10-01,2024-10-01,2024-12-30,2024-12-30,2025-03-30,47.53846153846155,1.0,60,11.884615384615387,46.53846153846155,46.53846153846155,0,46.53846153846155
2024-10-01,PN-1006,MODEL-C,2024-01-01,2024-10-01,2024-10-01,2024-12-30,2024-12-30,2025-03-30,18.0,10.0,23,4.5,8.0,8.0,0,8.0
2024-10-01,PN-1007,MODEL-C,2024-01-01,2024-10-01,2024-10-01,2024-12-30,2024-12-30,2025-03-30,18.0,8.0,23,4.5,10.0,10.0,0,10.0
2024-10-01,PN-1008,MODEL-C,2024-01-01,2024-10-01,2024-10-01,2024-12-30,2024-12-30,2025-03-30,18.0,3.0,23,4.5,15.0,15.0,0,15.0
2024-10-01,PN-1009,MODEL-D,2024-01-01,2024-10-01,2024-10-01,2024-12-30,2024-12-30,2025-03-30,146.2173913043478,16.0,183,36.55434782608695,130.2173913043478,130.2173913043478,0,130.2173913043478
2024-10-01,PN-1010,MODEL-D,2024-01-01,2024-10-01,2024-10-01,2024-12-30,2024-12-30,2025-03-30,100.69565217391306,6.0,126,25.173913043478265,94.69565217391306,94.69565217391306,0,94.69565217391306
2024-10-01,PN-1011,MODEL-D,2024-01-01,2024-10-01,2024-10-01,2024-12-30,2024-12-30,2025-03-30,91.04347826086956,1.0,114,22.76086956521739,90.04347826086956,90.04347826086956,0,90.04347826086956
2024-10-01,PN-1012,MODEL-E,2024-01-01,2024-10-01,2024-10-01,2024-12-30,2024-12-30,2025-03-30,114.0,0.0,143,28.5,114.0,114.0,0,114.0
2024-10-01,PN-1013,MODEL-E,2024-01-01,2024-10-01,2024-10-01,2024-12-30,2024-12-30,2025-03-30,69.0,4.0,87,17.25,65.0,65.0,0,65.0
2024-10-01,PN-1014,MODEL-E,2024-01-01,2024-10-01,2024-10-01,2024-12-30,2024-12-30,2025-03-30,69.0,19.0,87,17.25,50.0,50.0,0,50.0
2024-10-01,PN-1015,MODEL-F,2024-01-01,2024-10-01,2024-10-01,2024-12-30,2024-12-30,2025-03-30,164.78571428571428,0.0,206,41.19642857142857,164.78571428571428,164.78571428571428,0,164.78571428571428
2024-10-01,PN-1016,MODEL-F,2024-01-01,2024-10-01,2024-10-01,2024-12-30,2024-12-30,2025-03-30,46.28571428571428,0.0,58,11.57142857142857,46.28571428571428,46.28571428571428,0,46.28571428571428
2024-10-01,PN-1017,MODEL-F,2024-01-01,2024-10-01,2024-10-01,2024-12-30,2024-12-30,2025-03-30,180.42857142857142,6.0,226,45.107142857142854,174.42857142857142,174.42857142857142,0,174.42857142857142
2024-10-01,PN-1018,MODEL-G,2024-01-01,2024-10-01,2024-10-01,2024-12-30,2024-12-30,2025-03-30,112.79999999999998,1.0,141,28.199999999999996,111.79999999999998,111.79999999999998,0,111.79999999999998
2024-10-01,PN-1019,MODEL-G,2024-01-01,2024-10-01,2024-10-01,2024-12-30,2024-12-30,2025-03-30,142.79999999999998,0.0,179,35.699999999999996,142.79999999999998,142.79999999999998,0,142.79999999999998
2024-10-01,PN-1020,MODEL-G,2024-01-01,2024-10-01,2024-10-01,2024-12-30,2024-12-30,2025-03-30,42.60000000000001,7.0,54,10.650000000000002,35.60000000000001,35.60000000000001,0,35.60000000000001
2024-10-01,PN-1021,MODEL-H,2024-01-01,2024-10-01,2024-10-01,2024-12-30,2024-12-30,2025-03-30,0.0,5.0,0,0.0,-5.0,5.0,5.0,0
2024-10-01,PN-1022,MODEL-H,2024-01-01,2024-10-01,2024-10-01,2024-12-30,2024-12-30,2025-03-30,15.0,4.0,19,3.75,11.0,11.0,0,11.0
2024-10-01,PN-1023,MODEL-H,2024-01-01,2024-10-01,2024-10-01,2024-12-30,2024-12-30,2025-03-30,0.0,0.0,0,0.0,0.0,0.0,0.0,0.0
2024-10-01,PN-1024,MODEL-I,2024-01-01,2024-10-01,2024-10-01,2024-12-30,2024-12-30,2025-03-30,81.0,0.0,102,20.25,81.0,81.0,0,81.0
2024-10-01,PN-1025,MODEL-I,2024-01-01,2024-10-01,2024-10-01,2024-12-30,2024-12-30,2025-03-30,88.5,8.0,111,22.125,80.5,80.5,0,80.5
2024-10-01,PN-1026,MODEL-I,2024-01-01,2024-10-01,2024-10-01,2024-12-30,2024-12-30,2025-03-30,45.0,4.0,57,11.25,41.0,41.0,0,41.0
2024-10-01,PN-1027,MODEL-J,2024-01-01,2024-10-01,2024-10-01,2024-12-30,2024-12-30,2025-03-30,108.29999999999998,4.0,136,27.074999999999996,104.29999999999998,104.29999999999998,0,104.29999999999998
2024-10-01,PN-1028,MODEL-J,2024-01-01,2024-10-01,2024-10-01,2024-12-30,2024-12-30,2025-03-30,315.90000000000003,1.0,395,78.97500000000001,314.90000000000003,314.90000000000003,0,314.90000000000003
2024-10-01,PN-1029,MODEL-J,2024-01-01,2024-10-01,2024-10-01,2024-12-30,2024-12-30,2025-03-30,79.20000000000002,8.0,100,19.800000000000004,71.20000000000002,71.20000000000002,0,71.20000000000002
2024-11-01,PN-1000,MODEL-A,2024-02-01,2024-11-01,2024-11-01,2025-01-30,2025-01-30,2025-04-30,6.0,0.0,8,1.5,6.0,6.0,0,6.0
2024-11-01,PN-1001,MODEL-A,2024-02-01,2024-11-01,2024-11-01,2025-01-30,2025-01-30,2025-04-30,55.5,0.0,70,13.875,55.5,55.5,0,55.5
2024-11-01,PN-1002,MODEL-A,2024-02-01,2024-11-01,2024-11-01,2025-01-30,2025-01-30,2025-04-30,70.5,5.0,89,17.625,65.5,65.5,0,65.5
2024-11-01,PN-1003,MODEL-B,2024-02-01,2024-11-01,2024-11-01,2025-01-30,2025-01-30,2025-04-30,248.30769230769232,3.0,311,62.07692307692308,245.30769230769232,245.30769230769232,0,245.30769230769232
2024-11-01,PN-1004,MODEL-B,2024-02-01,2024-11-01,2024-11-01,2025-01-30,2025-01-30,2025-04-30,75.23076923076924,4.0,95,18.80769230769231,71.23076923076924,71.23076923076924,0,71.23076923076924
2024-11-01,PN-1005,MODEL-B,2024-02-01,2024-11-01,2024-11-01,2025-01-30,2025-01-30,2025-04-30,13.846153846153845,2.0,18,3.4615384615384612,11.846153846153845,11.846153846153845,0,11.846153846153845
2024-11-01,PN-1006,MODEL-C,2024-02-01,2024-11-01,2024-11-01,2025-01-30,2025-01-30,2025-04-30,12.0,10.0,15,3.0,2.0,2.0,0,2.0
2024-11-01,PN-1007,MODEL-C,2024-02-01,2024-11-01,2024-11-01,2025-01-30,2025-01-30,2025-04-30,30.0,0.0,38,7.5,30.0,30.0,0,30.0
2024-11-01,PN-1008,MODEL-C,2024-02-01,2024-11-01,2024-11-01,2025-01-30,2025-01-30,2025-04-30,18.0,5.0,23,4.5,13.0,13.0,0,13.0
2024-11-01,PN-1009,MODEL-D,2024-02-01,2024-11-01,2024-11-01,2025-01-30,2025-01-30,2025-04-30,94.63636363636363,20.0,119,23.659090909090907,74.63636363636363,74.63636363636363,0,74.63636363636363
2024-11-01,PN-1010,MODEL-D,2024-02-01,2024-11-01,2024-11-01,2025-01-30,2025-01-30,2025-04-30,61.090909090909086,6.0,77,15.272727272727272,55.090909090909086,55.090909090909086,0,55.090909090909086
2024-11-01,PN-1011,MODEL-D,2024-02-01,2024-11-01,2024-11-01,2025-01-30,2025-01-30,2025-04-30,75.27272727272728,6.0,95,18.81818181818182,69.27272727272728,69.27272727272728,0,69.27272727272728
2024-11-01,PN-1012,MODEL-E,2024-02-01,2024-11-01,2024-11-01,2025-01-30,2025-01-30,2025-04-30,130.0,0.0,163,32.5,130.0,130.0,0,130.0
2024-11-01,PN-1013,MODEL-E,2024-02-01,2024-11-01,2024-11-01,2025-01-30,2025-01-30,2025-04-30,35.0,9.0,44,8.75,26.0,26.0,0,26.0
2024-11-01,PN-1014,MODEL-E,2024-02-01,2024-11-01,2024-11-01,2025-01-30,2025-01-30,2025-04-30,80.0,19.0,100,20.0,61.0,61.0,0,61.0
2024-11-01,PN-1015,MODEL-F,2024-02-01,2024-11-01,2024-11-01,2025-01-30,2025-01-30,2025-04-30,74.85714285714286,1.0,94,18.714285714285715,73.85714285714286,73.85714285714286,0,73.85714285714286
2024-11-01,PN-1016,MODEL-F,2024-02-01,2024-11-01,2024-11-01,2025-01-30,2025-01-30,2025-04-30,0.0,1.0,0,0.0,-1.0,1.0,1.0,0
2024-11-01,PN-1017,MODEL-F,2024-02-01,2024-11-01,2024-11-01,2025-01-30,2025-01-30,2025-04-30,105.85714285714286,8.0,133,26.464285714285715,97.85714285714286,97.85714285714286,0,97.85714285714286
2024-11-01,PN-1018,MODEL-G,2024-02-01,2024-11-01,2024-11-01,2025-01-30,2025-01-30,2025-04-30,106.19999999999999,0.0,133,26.549999999999997,106.19999999999999,106.19999999999999,0,106.19999999999999
2024-11-01,PN-1019,MODEL-G,2024-02-01,2024-11-01,2024-11-01,2025-01-30,2025-01-30,2025-04-30,148.8,0.0,186,37.2,148.8,148.8,0,148.8
2024-11-01,PN-1020,MODEL-G,2024-02-01,2024-11-01,2024-11-01,2025-01-30,2025-01-30,2025-04-30,41.4,9.0,52,10.35,32.4,32.4,0,32.4
2024-11-01,PN-1021,MODEL-H,2024-02-01,2024-11-01,2024-11-01,2025-01-30,2025-01-30,2025-04-30,0.0,1.0,0,0.0,-1.0,1.0,1.0,0
2024-11-01,PN-1022,MODEL-H,2024-02-01,2024-11-01,2024-11-01,2025-01-30,2025-01-30,2025-04-30,9.0,0.0,12,2.25,9.0,9.0,0,9.0
2024-11-01,PN-1023,MODEL-H,2024-02-01,2024-11-01,2024-11-01,2025-01-30,2025-01-30,2025-04-30,0.0,0.0,0,0.0,0.0,0.0,0.0,0.0
2024-11-01,PN-1024,MODEL-I,2024-02-01,2024-11-01,2024-11-01,2025-01-30,2025-01-30,2025-04-30,81.0,5.0,102,20.25,76.0,76.0,0,76.0
2024-11-01,PN-1025,MODEL-I,2024-02-01,2024-11-01,2024-11-01,2025-01-30,2025-01-30,2025-04-30,94.5,8.0,119,23.625,86.5,86.5,0,86.5
2024-11-01,PN-1026,MODEL-I,2024-02-01,2024-11-01,2024-11-01,2025-01-30,2025-01-30,2025-04-30,31.5,4.0,40,7.875,27.5,27.5,0,27.5
2024-11-01,PN-1027,MODEL-J,2024-02-01,2024-11-01,2024-11-01,2025-01-30,2025-01-30,2025-04-30,45.599999999999994,4.0,57,11.399999999999999,41.599999999999994,41.599999999999994,0,41.599999999999994
2024-11-01,PN-1028,MODEL-J,2024-02-01,2024-11-01,2024-11-01,2025-01-30,2025-01-30,2025-04-30,210.79999999999998,1.0,264,52.699999999999996,209.79999999999998,209.79999999999998,0,209.79999999999998
2024-11-01,PN-1029,MODEL-J,2024-02-01,2024-11-01,2024-11-01,2025-01-30,2025-01-30,2025-04-30,50.400000000000006,5.0,64,12.600000000000001,45.400000000000006,45.400000000000006,0,45.400000000000006
2024-12-01,PN-1000,MODEL-A,2024-03-01,2024-12-01,2024-12-01,2025-03-01,2025-03-01,2025-05-30,30.0,0.0,38,7.5,30.0,30.0,0,30.0
2024-12-01,PN-1001,MODEL-A,2024-03-01,2024-12-01,2024-12-01,2025-03-01,2025-03-01,2025-05-30,51.0,0.0,64,12.75,51.0,51.0,0,51.0
2024-12-01,PN-1002,MODEL-A,2024-03-01,2024-12-01,2024-12-01,2025-03-01,2025-03-01,2025-05-30,70.5,2.0,89,17.625,68.5,68.5,0,68.5
2024-12-01,PN-1003,MODEL-B,2024-03-01,2024-12-01,2024-12-01,2025-03-01,2025-03-01,2025-05-30,139.63636363636363,3.0,175,34.90909090909091,136.63636363636363,136.63636363636363,0,136.63636363636363
2024-12-01,PN-1004,MODEL-B,2024-03-01,2024-12-01,2024-12-01,2025-03-01,2025-03-01,2025-05-30,32.72727272727273,4.0,41,8.181818181818182,28.727272727272727,28.727272727272727,0,28.727272727272727
2024-12-01,PN-1005,MODEL-B,2024-03-01,2024-12-01,2024-12-01,2025-03-01,2025-03-01,2025-05-30,7.636363636363636,2.0,10,1.909090909090909,5.636363636363636,5.636363636363636,0,5.636363636363636
2024-12-01,PN-1006,MODEL-C,2024-03-01,2024-12-01,2024-12-01,2025-03-01,2025-03-01,2025-05-30,9.0,6.0,12,2.25,3.0,3.0,0,3.0
2024-12-01,PN-1007,MODEL-C,2024-03-01,2024-12-01,2024-12-01,2025-03-01,2025-03-01,2025-05-30,30.0,0.0,38,7.5,30.0,30.0,0,30.0
2024-12-01,PN-1008,MODEL-C,2024-03-01,2024-12-01,2024-12-01,2025-03-01,2025-03-01,2025-05-30,13.5,5.0,17,3.375,8.5,8.5,0,8.5
2024-12-01,PN-1009,MODEL-D,2024-03-01,2024-12-01,2024-12-01,2025-03-01,2025-03-01,2025-05-30,73.63636363636363,10.0,93,18.409090909090907,63.636363636363626,63.636363636363626,0,63.636363636363626
2024-12-01,PN-1010,MODEL-D,2024-03-01,2024-12-01,2024-12-01,2025-03-01,2025-03-01,2025-05-30,78.95454545454547,0.0,99,19.738636363636367,78.95454545454547,78.95454545454547,0,78.95454545454547
2024-12-01,PN-1011,MODEL-D,2024-03-01,2024-12-01,2024-12-01,2025-03-01,2025-03-01,2025-05-30,87.54545454545455,6.0,110,21.886363636363637,81.54545454545455,81.54545454545455,0,81.54545454545455
2024-12-01,PN-1012,MODEL-E,2024-03-01,2024-12-01,2024-12-01,2025-03-01,2025-03-01,2025-05-30,102.0,3.0,128,25.5,99.0,99.0,0,99.0
2024-12-01,PN-1013,MODEL-E,2024-03-01,2024-12-01,2024-12-01,2025-03-01,2025-03-01,2025-05-30,35.0,15.0,44,8.75,20.0,20.0,0,20.0
2024-12-01,PN-1014,MODEL-E,2024-03-01,2024-12-01,2024-12-01,2025-03-01,2025-03-01,2025-05-30,80.0,11.0,100,20.0,69.0,69.0,0,69.0
2024-12-01,PN-1015,MODEL-F,2024-03-01,2024-12-01,2024-12-01,2025-03-01,2025-03-01,2025-05-30,103.5,1.0,130,25.875,102.5,102.5,0,102.5
2024-12-01,PN-1016,MODEL-F,2024-03-01,2024-12-01,2024-12-01,2025-03-01,2025-03-01,2025-05-30,31.153846153846153,4.0,39,7.788461538461538,27.153846153846153,27.153846153846153,0,27.153846153846153
2024-12-01,PN-1017,MODEL-F,2024-03-01,2024-12-01,2024-12-01,2025-03-01,2025-03-01,2025-05-30,150.6923076923077,8.0,189,37.67307692307693,142.6923076923077,142.6923076923077,0,142.6923076923077
2024-12-01,PN-1018,MODEL-G,2024-03-01,2024-12-01,2024-12-01,2025-03-01,2025-03-01,2025-05-30,93.9,5.0,118,23.475,88.9,88.9,0,88.9
2024-12-01,PN-1019,MODEL-G,2024-03-01,2024-12-01,2024-12-01,2025-03-01,2025-03-01,2025-05-30,126.29999999999998,5.0,158,31.574999999999996,121.29999999999998,121.29999999999998,0,121.29999999999998
2024-12-01,PN-1020,MODEL-G,2024-03-01,2024-12-01,2024-12-01,2025-03-01,2025-03-01,2025-05-30,81.3,10.0,102,20.325,71.3,71.3,0,71.3
2024-12-01,PN-1021,MODEL-H,2024-03-01,2024-12-01,2024-12-01,2025-03-01,2025-03-01,2025-05-30,6.0,0.0,8,1.5,6.0,6.0,0,6.0
2024-12-01,PN-1022,MODEL-H,2024-03-01,2024-12-01,2024-12-01,2025-03-01,2025-03-01,2025-05-30,9.0,2.0,12,2.25,7.0,7.0,0,7.0
2024-12-01,PN-1023,MODEL-H,2024-03-01,2024-12-01,2024-12-01,2025-03-01,2025-03-01,2025-05-30,15.0,3.0,19,3.75,12.0,12.0,0,12.0
2024-12-01,PN-1024,MODEL-I,2024-03-01,2024-12-01,2024-12-01,2025-03-01,2025-03-01,2025-05-30,72.0,9.0,90,18.0,63.0,63.0,0,63.0
2024-12-01,PN-1025,MODEL-I,2024-03-01,2024-12-01,2024-12-01,2025-03-01,2025-03-01,2025-05-30,60.0,0.0,75,15.0,60.0,60.0,0,60.0
2024-12-01,PN-1026,MODEL-I,2024-03-01,2024-12-01,2024-12-01,2025-03-01,2025-03-01,2025-05-30,21.0,4.0,27,5.25,17.0,17.0,0,17.0
2024-12-01,PN-1027,MODEL-J,2024-03-01,2024-12-01,2024-12-01,2025-03-01,2025-03-01,2025-05-30,64.9090909090909,8.0,82,16.227272727272727,56.90909090909091,56.90909090909091,0,56.90909090909091
2024-12-01,PN-1028,MODEL-J,2024-03-01,2024-12-01,2024-12-01,2025-03-01,2025-03-01,2025-05-30,257.1818181818182,0.0,322,64.29545454545455,257.1818181818182,257.1818181818182,0,257.1818181818182
2024-12-01,PN-1029,MODEL-J,2024-03-01,2024-12-01,2024-12-01,2025-03-01,2025-03-01,2025-05-30,70.36363636363637,2.0,88,17.590909090909093,68.36363636363637,68.36363636363637,0,68.36363636363637
2025-01-01,PN-1000,MODEL-A,2024-04-01,2025-01-01,2025-01-01,2025-04-01,2025-04-01,2025-06-30,15.0,2.0,19,3.75,13.0,13.0,0,13.0
2025-01-01,PN-1001,MODEL-A,2024-04-01,2025-01-01,2025-01-01,2025-04-01,2025-04-01,2025-06-30,0.0,1.0,0,0.0,-1.0,1.0,1.0,0
2025-01-01,PN-1002,MODEL-A,2024-04-01,2025-01-01,2025-01-01,2025-04-01,2025-04-01,2025-06-30,12.0,4.0,15,3.0,8.0,8.0,0,8.0
2025-01-01,PN-1003,MODEL-B,2024-04-01,2025-01-01,2025-01-01,2025-04-01,2025-04-01,2025-06-30,60.0,0.0,75,15.0,60.0,60.0,0,60.0
2025-01-01,PN-1004,MODEL-B,2024-04-01,2025-01-01,2025-01-01,2025-04-01,2025-04-01,2025-06-30,27.0,2.0,34,6.75,25.0,25.0,0,25.0
2025-01-01,PN-1005,MODEL-B,2024-04-01,2025-01-01,2025-01-01,2025-04-01,2025-04-01,2025-06-30,30.0,2.0,38,7.5,28.0,28.0,0,28.0
2025-01-01,PN-1006,MODEL-C,2024-04-01,2025-01-01,2025-01-01,2025-04-01,2025-04-01,2025-06-30,58.5,7.0,74,14.625,51.5,51.5,0,51.5
2025-01-01,PN-1007,MODEL-C,2024-04-01,2025-01-01,2025-01-01,2025-04-01,2025-04-01,2025-06-30,234.0,4.0,293,58.5,230.0,230.0,0,230.0
2025-01-01,PN-1008,MODEL-C,2024-04-01,2025-01-01,2025-01-01,2025-04-01,2025-04-01,2025-06-30,99.0,7.0,124,24.75,92.0,92.0,0,92.0
2025-01-01,PN-1009,MODEL-D,2024-04-01,2025-01-01,2025-01-01,2025-04-01,2025-04-01,2025-06-30,58.90909090909092,4.0,74,14.72727272727273,54.90909090909092,54.90909090909092,0,54.90909090909092
2025-01-01,PN-1010,MODEL-D,2024-04-01,2025-01-01,2025-01-01,2025-04-01,2025-04-01,2025-06-30,83.45454545454545,0.0,105,20.863636363636363,83.45454545454545,83.45454545454545,0,83.45454545454545
2025-01-01,PN-1011,MODEL-D,2024-04-01,2025-01-01,2025-01-01,2025-04-01,2025-04-01,2025-06-30,62.18181818181818,5.0,78,15.545454545454545,57.18181818181818,57.18181818181818,0,57.18181818181818
2025-01-01,PN-1012,MODEL-E,2024-04-01,2025-01-01,2025-01-01,2025-04-01,2025-04-01,2025-06-30,81.0,3.0,102,20.25,78.0,78.0,0,78.0
2025-01-01,PN-1013,MODEL-E,2024-04-01,2025-01-01,2025-01-01,2025-04-01,2025-04-01,2025-06-30,54.0,17.0,68,13.5,37.0,37.0,0,37.0
2025-01-01,PN-1014,MODEL-E,2024-04-01,2025-01-01,2025-01-01,2025-04-01,2025-04-01,2025-06-30,48.0,0.0,60,12.0,48.0,48.0,0,48.0
2025-01-01,PN-1015,MODEL-F,2024-04-01,2025-01-01,2025-01-01,2025-04-01,2025-04-01,2025-06-30,62.07692307692308,1.0,78,15.51923076923077,61.07692307692308,61.07692307692308,0,61.07692307692308
2025-01-01,PN-1016,MODEL-F,2024-04-01,2025-01-01,2025-01-01,2025-04-01,2025-04-01,2025-06-30,62.19230769230769,4.0,78,15.548076923076923,58.19230769230769,58.19230769230769,0,58.19230769230769
2025-01-01,PN-1017,MODEL-F,2024-04-01,2025-01-01,2025-01-01,2025-04-01,2025-04-01,2025-06-30,103.38461538461539,2.0,130,25.846153846153847,101.38461538461539,101.38461538461539,0,101.38461538461539
2025-01-01,PN-1018,MODEL-G,2024-04-01,2025-01-01,2025-01-01,2025-04-01,2025-04-01,2025-06-30,98.4,5.0,123,24.6,93.4,93.4,0,93.4
2025-01-01,PN-1019,MODEL-G,2024-04-01,2025-01-01,2025-01-01,2025-04-01,2025-04-01,2025-06-30,72.3,7.0,91,18.075,65.3,65.3,0,65.3
2025-01-01,PN-1020,MODEL-G,2024-04-01,2025-01-01,2025-01-01,2025-04-01,2025-04-01,2025-06-30,83.7,7.0,105,20.925,76.7,76.7,0,76.7
2025-01-01,PN-1021,MODEL-H,2024-04-01,2025-01-01,2025-01-01,2025-04-01,2025-04-01,2025-06-30,10.5,5.0,14,2.625,5.5,5.5,0,5.5
2025-01-01,PN-1022,MODEL-H,2024-04-01,2025-01-01,2025-01-01,2025-04-01,2025-04-01,2025-06-30,6.0,5.0,8,1.5,1.0,1.0,0,1.0
2025-01-01,PN-1023,MODEL-H,2024-04-01,2025-01-01,2025-01-01,2025-04-01,2025-04-01,2025-06-30,15.0,9.0,19,3.75,6.0,6.0,0,6.0
2025-01-01,PN-1024,MODEL-I,2024-04-01,2025-01-01,2025-01-01,2025-04-01,2025-04-01,2025-06-30,95.14285714285715,11.0,119,23.78571428571429,84.14285714285715,84.14285714285715,0,84.14285714285715
2025-01-01,PN-1025,MODEL-I,2024-04-01,2025-01-01,2025-01-01,2025-04-01,2025-04-01,2025-06-30,60.0,3.0,75,15.0,57.0,57.0,0,57.0
2025-01-01,PN-1026,MODEL-I,2024-04-01,2025-01-01,2025-01-01,2025-04-01,2025-04-01,2025-06-30,12.857142857142856,0.0,17,3.214285714285714,12.857142857142856,12.857142857142856,0,12.857142857142856
2025-01-01,PN-1027,MODEL-J,2024-04-01,2025-01-01,2025-01-01,2025-04-01,2025-04-01,2025-06-30,49.2,4.0,62,12.3,45.2,45.2,0,45.2
2025-01-01,PN-1028,MODEL-J,2024-04-01,2025-01-01,2025-01-01,2025-04-01,2025-04-01,2025-06-30,192.60000000000002,4.0,241,48.150000000000006,188.60000000000002,188.60000000000002,0,188.60000000000002
2025-01-01,PN-1029,MODEL-J,2024-04-01,2025-01-01,2025-01-01,2025-04-01,2025-04-01,2025-06-30,38.400000000000006,4.0,49,9.600000000000001,34.400000000000006,34.400000000000006,0,34.400000000000006
2025-02-01,PN-1000,MODEL-A,2024-05-01,2025-02-01,2025-02-01,2025-05-02,2025-05-02,2025-07-31,15.0,3.0,19,3.75,12.0,12.0,0,12.0
2025-02-01,PN-1001,MODEL-A,2024-05-01,2025-02-01,2025-02-01,2025-05-02,2025-05-02,2025-07-31,15.0,1.0,19,3.75,14.0,14.0,0,14.0
2025-02-01,PN-1002,MODEL-A,2024-05-01,2025-02-01,2025-02-01,2025-05-02,2025-05-02,2025-07-31,3.0,2.0,4,0.75,1.0,1.0,0,1.0
2025-02-01,PN-1003,MODEL-B,2024-05-01,2025-02-01,2025-02-01,2025-05-02,2025-05-02,2025-07-31,24.0,4.0,30,6.0,20.0,20.0,0,20.0
2025-02-01,PN-1004,MODEL-B,2024-05-01,2025-02-01,2025-02-01,2025-05-02,2025-05-02,2025-07-31,27.0,0.0,34,6.75,27.0,27.0,0,27.0
2025-02-01,PN-1005,MODEL-B,2024-05-01,2025-02-01,2025-02-01,2025-05-02,2025-05-02,2025-07-31,28.5,1.0,36,7.125,27.5,27.5,0,27.5
2025-02-01,PN-1006,MODEL-C,2024-05-01,2025-02-01,2025-02-01,2025-05-02,2025-05-02,2025-07-31,57.0,15.0,72,14.25,42.0,42.0,0,42.0
2025-02-01,PN-1007,MODEL-C,2024-05-01,2025-02-01,2025-02-01,2025-05-02,2025-05-02,2025-07-31,240.0,4.0,300,60.0,236.0,236.0,0,236.0
2025-02-01,PN-1008,MODEL-C,2024-05-01,2025-02-01,2025-02-01,2025-05-02,2025-05-02,2025-07-31,99.0,5.0,124,24.75,94.0,94.0,0,94.0
2025-02-01,PN-1009,MODEL-D,2024-05-01,2025-02-01,2025-02-01,2025-05-02,2025-05-02,2025-07-31,45.96428571428571,2.0,58,11.491071428571427,43.96428571428571,43.96428571428571,0,43.96428571428571
2025-02-01,PN-1010,MODEL-D,2024-05-01,2025-02-01,2025-02-01,2025-05-02,2025-05-02,2025-07-31,84.53571428571429,6.0,106,21.133928571428573,78.53571428571429,78.53571428571429,0,78.53571428571429
2025-02-01,PN-1011,MODEL-D,2024-05-01,2025-02-01,2025-02-01,2025-05-02,2025-05-02,2025-07-31,68.14285714285714,0.0,86,17.035714285714285,68.14285714285714,68.14285714285714,0,68.14285714285714
2025-02-01,PN-1012,MODEL-E,2024-05-01,2025-02-01,2025-02-01,2025-05-02,2025-05-02,2025-07-31,66.81818181818183,0.0,84,16.704545454545457,66.81818181818183,66.81818181818183,0,66.81818181818183
2025-02-01,PN-1013,MODEL-E,2024-05-01,2025-02-01,2025-02-01,2025-05-02,2025-05-02,2025-07-31,46.36363636363637,3.0,58,11.590909090909092,43.36363636363637,43.36363636363637,0,43.36363636363637
2025-02-01,PN-1014,MODEL-E,2024-05-01,2025-02-01,2025-02-01,2025-05-02,2025-05-02,2025-07-31,40.36363636363637,7.0,51,10.090909090909092,33.36363636363637,33.36363636363637,0,33.36363636363637
2025-02-01,PN-1015,MODEL-F,2024-05-01,2025-02-01,2025-02-01,2025-05-02,2025-05-02,2025-07-31,59.07692307692308,0.0,74,14.76923076923077,59.07692307692308,59.07692307692308,0,59.07692307692308
2025-02-01,PN-1016,MODEL-F,2024-05-01,2025-02-01,2025-02-01,2025-05-02,2025-05-02,2025-07-31,62.19230769230769,0.0,78,15.548076923076923,62.19230769230769,62.19230769230769,0,62.19230769230769
2025-02-01,PN-1017,MODEL-F,2024-05-01,2025-02-01,2025-02-01,2025-05-02,2025-05-02,2025-07-31,103.38461538461539,5.0,130,25.846153846153847,98.38461538461539,98.38461538461539,0,98.38461538461539
2025-02-01,PN-1018,MODEL-G,2024-05-01,2025-02-01,2025-02-01,2025-05-02,2025-05-02,2025-07-31,84.0,2.0,105,21.0,82.0,82.0,0,82.0
2025-02-01,PN-1019,MODEL-G,2024-05-01,2025-02-01,2025-02-01,2025-05-02,2025-05-02,2025-07-31,66.0,2.0,83,16.5,64.0,64.0,0,64.0
2025-02-01,PN-1020,MODEL-G,2024-05-01,2025-02-01,2025-02-01,2025-05-02,2025-05-02,2025-07-31,85.0,0.0,107,21.25,85.0,85.0,0,85.0
2025-02-01,PN-1021,MODEL-H,2024-05-01,2025-02-01,2025-02-01,2025-05-02,2025-05-02,2025-07-31,11.0,5.0,14,2.75,6.0,6.0,0,6.0
2025-02-01,PN-1022,MODEL-H,2024-05-01,2025-02-01,2025-02-01,2025-05-02,2025-05-02,2025-07-31,9.0,3.0,12,2.25,6.0,6.0,0,6.0
2025-02-01,PN-1023,MODEL-H,2024-05-01,2025-02-01,2025-02-01,2025-05-02,2025-05-02,2025-07-31,15.0,21.0,19,3.75,-6.0,6.0,6.0,0
2025-02-01,PN-1024,MODEL-I,2024-05-01,2025-02-01,2025-02-01,2025-05-02,2025-05-02,2025-07-31,115.20000000000002,7.0,145,28.800000000000004,108.20000000000002,108.20000000000002,0,108.20000000000002
2025-02-01,PN-1025,MODEL-I,2024-05-01,2025-02-01,2025-02-01,2025-05-02,2025-05-02,2025-07-31,75.6,3.0,95,18.9,72.6,72.6,0,72.6
2025-02-01,PN-1026,MODEL-I,2024-05-01,2025-02-01,2025-02-01,2025-05-02,2025-05-02,2025-07-31,16.2,13.0,21,4.05,3.1999999999999993,3.1999999999999993,0,3.1999999999999993
2025-02-01,PN-1027,MODEL-J,2024-05-01,2025-02-01,2025-02-01,2025-05-02,2025-05-02,2025-07-31,49.2,0.0,62,12.3,49.2,49.2,0,49.2
2025-02-01,PN-1028,MODEL-J,2024-05-01,2025-02-01,2025-02-01,2025-05-02,2025-05-02,2025-07-31,158.39999999999998,4.0,198,39.599999999999994,154.39999999999998,154.39999999999998,0,154.39999999999998
2025-02-01,PN-1029,MODEL-J,2024-05-01,2025-02-01,2025-02-01,2025-05-02,2025-05-02,2025-07-31,61.800000000000004,8.0,78,15.450000000000001,53.800000000000004,53.800000000000004,0,53.800000000000004
2025-03-01,PN-1000,MODEL-A,2024-06-01,2025-03-01,2025-03-01,2025-05-30,2025-05-30,2025-08-28,18.75,7.0,24,4.6875,11.75,11.75,0,11.75
2025-03-01,PN-1001,MODEL-A,2024-06-01,2025-03-01,2025-03-01,2025-05-30,2025-05-30,2025-08-28,67.5,7.0,85,16.875,60.5,60.5,0,60.5
2025-03-01,PN-1002,MODEL-A,2024-06-01,2025-03-01,2025-03-01,2025-05-30,2025-05-30,2025-08-28,82.5,4.0,104,20.625,78.5,78.5,0,78.5
2025-03-01,PN-1003,MODEL-B,2024-06-01,2025-03-01,2025-03-01,2025-05-30,2025-05-30,2025-08-28,24.0,6.0,30,6.0,18.0,18.0,0,18.0
2025-03-01,PN-1004,MODEL-B,2024-06-01,2025-03-01,2025-03-01,2025-05-30,2025-05-30,2025-08-28,27.0,0.0,34,6.75,27.0,27.0,0,27.0
2025-03-01,PN-1005,MODEL-B,2024-06-01,2025-03-01,2025-03-01,2025-05-30,2025-05-30,2025-08-28,28.5,1.0,36,7.125,27.5,27.5,0,27.5
2025-03-01,PN-1006,MODEL-C,2024-06-01,2025-03-01,2025-03-01,2025-05-30,2025-05-30,2025-08-28,90.0,15.0,113,22.5,75.0,75.0,0,75.0
2025-03-01,PN-1007,MODEL-C,2024-06-01,2025-03-01,2025-03-01,2025-05-30,2025-05-30,2025-08-28,204.0,4.0,255,51.0,200.0,200.0,0,200.0
2025-03-01,PN-1008,MODEL-C,2024-06-01,2025-03-01,2025-03-01,2025-05-30,2025-05-30,2025-08-28,90.0,5.0,113,22.5,85.0,85.0,0,85.0
2025-03-01,PN-1009,MODEL-D,2024-06-01,2025-03-01,2025-03-01,2025-05-30,2025-05-30,2025-08-28,117.75,7.0,148,29.4375,110.75,110.75,0,110.75
2025-03-01,PN-1010,MODEL-D,2024-06-01,2025-03-01,2025-03-01,2025-05-30,2025-05-30,2025-08-28,111.10714285714286,6.0,139,27.776785714285715,105.10714285714286,105.10714285714286,0,105.10714285714286
2025-03-01,PN-1011,MODEL-D,2024-06-01,2025-03-01,2025-03-01,2025-05-30,2025-05-30,2025-08-28,50.14285714285714,0.0,63,12.535714285714285,50.14285714285714,50.14285714285714,0,50.14285714285714
2025-03-01,PN-1012,MODEL-E,2024-06-01,2025-03-01,2025-03-01,2025-05-30,2025-05-30,2025-08-28,37.36363636363637,2.0,47,9.340909090909092,35.36363636363637,35.36363636363637,0,35.36363636363637
2025-03-01,PN-1013,MODEL-E,2024-06-01,2025-03-01,2025-03-01,2025-05-30,2025-05-30,2025-08-28,46.36363636363637,6.0,58,11.590909090909092,40.36363636363637,40.36363636363637,0,40.36363636363637
2025-03-01,PN-1014,MODEL-E,2024-06-01,2025-03-01,2025-03-01,2025-05-30,2025-05-30,2025-08-28,56.18181818181817,7.0,71,14.045454545454543,49.18181818181817,49.18181818181817,0,49.18181818181817
2025-03-01,PN-1015,MODEL-F,2024-06-01,2025-03-01,2025-03-01,2025-05-30,2025-05-30,2025-08-28,40.421052631578945,0.0,51,10.105263157894736,40.421052631578945,40.421052631578945,0,40.421052631578945
2025-03-01,PN-1016,MODEL-F,2024-06-01,2025-03-01,2025-03-01,2025-05-30,2025-05-30,2025-08-28,47.368421052631575,0.0,60,11.842105263157894,47.368421052631575,47.368421052631575,0,47.368421052631575
2025-03-01,PN-1017,MODEL-F,2024-06-01,2025-03-01,2025-03-01,2025-05-30,2025-05-30,2025-08-28,35.368421052631575,5.0,45,8.842105263157894,30.368421052631575,30.368421052631575,0,30.368421052631575
2025-03-01,PN-1018,MODEL-G,2024-06-01,2025-03-01,2025-03-01,2025-05-30,2025-05-30,2025-08-28,53.33333333333333,5.0,67,13.333333333333332,48.33333333333333,48.33333333333333,0,48.33333333333333
2025-03-01,PN-1019,MODEL-G,2024-06-01,2025-03-01,2025-03-01,2025-05-30,2025-05-30,2025-08-28,23.333333333333336,2.0,30,5.833333333333334,21.333333333333336,21.333333333333336,0,21.333333333333336
2025-03-01,PN-1020,MODEL-G,2024-06-01,2025-03-01,2025-03-01,2025-05-30,2025-05-30,2025-08-28,60.83333333333333,0.0,77,15.208333333333332,60.83333333333333,60.83333333333333,0,60.83333333333333
2025-03-01,PN-1021,MODEL-H,2024-06-01,2025-03-01,2025-03-01,2025-05-30,2025-05-30,2025-08-28,13.5,10.0,17,3.375,3.5,3.5,0,3.5
2025-03-01,PN-1022,MODEL-H,2024-06-01,2025-03-01,2025-03-01,2025-05-30,2025-05-30,2025-08-28,9.0,3.0,12,2.25,6.0,6.0,0,6.0
2025-03-01,PN-1023,MODEL-H,2024-06-01,2025-03-01,2025-03-01,2025-05-30,2025-05-30,2025-08-28,0.0,31.0,0,0.0,-31.0,31.0,31.0,0
2025-03-01,PN-1024,MODEL-I,2024-06-01,2025-03-01,2025-03-01,2025-05-30,2025-05-30,2025-08-28,64.8,7.0,81,16.2,57.8,57.8,0,57.8
2025-03-01,PN-1025,MODEL-I,2024-06-01,2025-03-01,2025-03-01,2025-05-30,2025-05-30,2025-08-28,142.8,8.0,179,35.7,134.8,134.8,0,134.8
2025-03-01,PN-1026,MODEL-I,2024-06-01,2025-03-01,2025-03-01,2025-05-30,2025-05-30,2025-08-28,16.2,13.0,21,4.05,3.1999999999999993,3.1999999999999993,0,3.1999999999999993
2025-03-01,PN-1027,MODEL-J,2024-06-01,2025-03-01,2025-03-01,2025-05-30,2025-05-30,2025-08-28,32.400000000000006,4.0,41,8.100000000000001,28.400000000000006,28.400000000000006,0,28.400000000000006
2025-03-01,PN-1028,MODEL-J,2024-06-01,2025-03-01,2025-03-01,2025-05-30,2025-05-30,2025-08-28,114.60000000000001,13.0,144,28.650000000000002,101.60000000000001,101.60000000000001,0,101.60000000000001
2025-03-01,PN-1029,MODEL-J,2024-06-01,2025-03-01,2025-03-01,2025-05-30,2025-05-30,2025-08-28,69.60000000000001,8.0,88,17.400000000000002,61.60000000000001,61.60000000000001,0,61.60000000000001
2025-04-01,PN-1000,MODEL-A,2024-07-01,2025-04-01,2025-04-01,2025-06-30,2025-06-30,2025-09-28,18.75,5.0,24,4.6875,13.75,13.75,0,13.75
2025-04-01,PN-1001,MODEL-A,2024-07-01,2025-04-01,2025-04-01,2025-06-30,2025-06-30,2025-09-28,67.5,12.0,85,16.875,55.5,55.5,0,55.5
2025-04-01,PN-1002,MODEL-A,2024-07-01,2025-04-01,2025-04-01,2025-06-30,2025-06-30,2025-09-28,79.5,2.0,100,19.875,77.5,77.5,0,77.5
2025-04-01,PN-1003,MODEL-B,2024-07-01,2025-04-01,2025-04-01,2025-06-30,2025-06-30,2025-09-28,54.375,10.0,68,13.59375,44.375,44.375,0,44.375
2025-04-01,PN-1004,MODEL-B,2024-07-01,2025-04-01,2025-04-01,2025-06-30,2025-06-30,2025-09-28,26.625,0.0,34,6.65625,26.625,26.625,0,26.625
2025-04-01,PN-1005,MODEL-B,2024-07-01,2025-04-01,2025-04-01,2025-06-30,2025-06-30,2025-09-28,31.875,6.0,40,7.96875,25.875,25.875,0,25.875
2025-04-01,PN-1006,MODEL-C,2024-07-01,2025-04-01,2025-04-01,2025-06-30,2025-06-30,2025-09-28,72.0,8.0,90,18.0,64.0,64.0,0,64.0
2025-04-01,PN-1007,MODEL-C,2024-07-01,2025-04-01,2025-04-01,2025-06-30,2025-06-30,2025-09-28,96.0,0.0,120,24.0,96.0,96.0,0,96.0
2025-04-01,PN-1008,MODEL-C,2024-07-01,2025-04-01,2025-04-01,2025-06-30,2025-06-30,2025-09-28,45.0,11.0,57,11.25,34.0,34.0,0,34.0
2025-04-01,PN-1009,MODEL-D,2024-07-01,2025-04-01,2025-04-01,2025-06-30,2025-06-30,2025-09-28,121.03125,15.0,152,30.2578125,106.03125,106.03125,0,106.03125
2025-04-01,PN-1010,MODEL-D,2024-07-01,2025-04-01,2025-04-01,2025-06-30,2025-06-30,2025-09-28,115.03125,6.0,144,28.7578125,109.03125,109.03125,0,109.03125
2025-04-01,PN-1011,MODEL-D,2024-07-01,2025-04-01,2025-04-01,2025-06-30,2025-06-30,2025-09-28,57.84375,0.0,73,14.4609375,57.84375,57.84375,0,57.84375
2025-04-01,PN-1012,MODEL-E,2024-07-01,2025-04-01,2025-04-01,2025-06-30,2025-06-30,2025-09-28,34.36363636363637,2.0,43,8.590909090909092,32.36363636363637,32.36363636363637,0,32.36363636363637
2025-04-01,PN-1013,MODEL-E,2024-07-01,2025-04-01,2025-04-01,2025-06-30,2025-06-30,2025-09-28,34.36363636363637,4.0,43,8.590909090909092,30.363636363636367,30.363636363636367,0,30.363636363636367
2025-04-01,PN-1014,MODEL-E,2024-07-01,2025-04-01,2025-04-01,2025-06-30,2025-06-30,2025-09-28,110.86363636363635,12.0,139,27.715909090909086,98.86363636363635,98.86363636363635,0,98.86363636363635
2025-04-01,PN-1015,MODEL-F,2024-07-01,2025-04-01,2025-04-01,2025-06-30,2025-06-30,2025-09-28,44.30769230769231,3.0,56,11.076923076923077,41.30769230769231,41.30769230769231,0,41.30769230769231
2025-04-01,PN-1016,MODEL-F,2024-07-01,2025-04-01,2025-04-01,2025-06-30,2025-06-30,2025-09-28,38.769230769230774,4.0,49,9.692307692307693,34.769230769230774,34.769230769230774,0,34.769230769230774
2025-04-01,PN-1017,MODEL-F,2024-07-01,2025-04-01,2025-04-01,2025-06-30,2025-06-30,2025-09-28,56.769230769230774,7.0,71,14.192307692307693,49.769230769230774,49.769230769230774,0,49.769230769230774
2025-04-01,PN-1018,MODEL-G,2024-07-01,2025-04-01,2025-04-01,2025-06-30,2025-06-30,2025-09-28,53.33333333333333,5.0,67,13.333333333333332,48.33333333333333,48.33333333333333,0,48.33333333333333
2025-04-01,PN-1019,MODEL-G,2024-07-01,2025-04-01,2025-04-01,2025-06-30,2025-06-30,2025-09-28,16.666666666666668,5.0,21,4.166666666666667,11.666666666666668,11.666666666666668,0,11.666666666666668
2025-04-01,PN-1020,MODEL-G,2024-07-01,2025-04-01,2025-04-01,2025-06-30,2025-06-30,2025-09-28,73.83333333333334,0.0,93,18.458333333333336,73.83333333333334,73.83333333333334,0,73.83333333333334
2025-04-01,PN-1021,MODEL-H,2024-07-01,2025-04-01,2025-04-01,2025-06-30,2025-06-30,2025-09-28,12.0,5.0,15,3.0,7.0,7.0,0,7.0
2025-04-01,PN-1022,MODEL-H,2024-07-01,2025-04-01,2025-04-01,2025-06-30,2025-06-30,2025-09-28,12.0,0.0,15,3.0,12.0,12.0,0,12.0
2025-04-01,PN-1023,MODEL-H,2024-07-01,2025-04-01,2025-04-01,2025-06-30,2025-06-30,2025-09-28,0.0,25.0,0,0.0,-25.0,25.0,25.0,0
2025-04-01,PN-1024,MODEL-I,2024-07-01,2025-04-01,2025-04-01,2025-06-30,2025-06-30,2025-09-28,57.599999999999994,5.0,72,14.399999999999999,52.599999999999994,52.599999999999994,0,52.599999999999994
2025-04-01,PN-1025,MODEL-I,2024-07-01,2025-04-01,2025-04-01,2025-06-30,2025-06-30,2025-09-28,100.80000000000001,5.0,127,25.200000000000003,95.80000000000001,95.80000000000001,0,95.80000000000001
2025-04-01,PN-1026,MODEL-I,2024-07-01,2025-04-01,2025-04-01,2025-06-30,2025-06-30,2025-09-28,45.599999999999994,13.0,57,11.399999999999999,32.599999999999994,32.599999999999994,0,32.599999999999994
2025-04-01,PN-1027,MODEL-J,2024-07-01,2025-04-01,2025-04-01,2025-06-30,2025-06-30,2025-09-28,51.6,4.0,65,12.9,47.6,47.6,0,47.6
2025-04-01,PN-1028,MODEL-J,2024-07-01,2025-04-01,2025-04-01,2025-06-30,2025-06-30,2025-09-28,57.0,9.0,72,14.25,48.0,48.0,0,48.0
2025-04-01,PN-1029,MODEL-J,2024-07-01,2025-04-01,2025-04-01,2025-06-30,2025-06-30,2025-09-28,69.60000000000001,6.0,88,17.400000000000002,63.60000000000001,63.60000000000001,0,63.60000000000001
2025-05-01,PN-1000,MODEL-A,2024-08-01,2025-05-01,2025-05-01,2025-07-30,2025-07-30,2025-10-28,18.75,4.0,24,4.6875,14.75,14.75,0.0,14.75
2025-05-01,PN-1001,MODEL-A,2024-08-01,2025-05-01,2025-05-01,2025-07-30,2025-07-30,2025-10-28,52.5,17.0,66,13.125,35.5,35.5,0.0,35.5
2025-05-01,PN-1002,MODEL-A,2024-08-01,2025-05-01,2025-05-01,2025-07-30,2025-07-30,2025-10-28,79.5,7.0,100,19.875,72.5,72.5,0.0,72.5
2025-05-01,PN-1003,MODEL-B,2024-08-01,2025-05-01,2025-05-01,2025-07-30,2025-07-30,2025-10-28,29.625,6.0,38,7.40625,23.625,23.625,0.0,23.625
2025-05-01,PN-1004,MODEL-B,2024-08-01,2025-05-01,2025-05-01,2025-07-30,2025-07-30,2025-10-28,34.875,0.0,44,8.71875,34.875,34.875,0.0,34.875
2025-05-01,PN-1005,MODEL-B,2024-08-01,2025-05-01,2025-05-01,2025-07-30,2025-07-30,2025-10-28,34.875,5.0,44,8.71875,29.875,29.875,0.0,29.875
2025-05-01,PN-1006,MODEL-C,2024-08-01,2025-05-01,2025-05-01,2025-07-30,2025-07-30,2025-10-28,129.0,0.0,162,32.25,129.0,129.0,0.0,129.0
2025-05-01,PN-1007,MODEL-C,2024-08-01,2025-05-01,2025-05-01,2025-07-30,2025-07-30,2025-10-28,108.0,0.0,135,27.0,108.0,108.0,0.0,108.0
2025-05-01,PN-1008,MODEL-C,2024-08-01,2025-05-01,2025-05-01,2025-07-30,2025-07-30,2025-10-28,91.5,11.0,115,22.875,80.5,80.5,0.0,80.5
2025-05-01,PN-1009,MODEL-D,2024-08-01,2025-05-01,2025-05-01,2025-07-30,2025-07-30,2025-10-28,118.71875,13.0,149,29.6796875,105.71875,105.71875,0.0,105.71875
2025-05-01,PN-1010,MODEL-D,2024-08-01,2025-05-01,2025-05-01,2025-07-30,2025-07-30,2025-10-28,102.09375,0.0,128,25.5234375,102.09375,102.09375,0.0,102.09375
2025-05-01,PN-1011,MODEL-D,2024-08-01,2025-05-01,2025-05-01,2025-07-30,2025-07-30,2025-10-28,74.8125,5.0,94,18.703125,69.8125,69.8125,0.0,69.8125
2025-05-01,PN-1012,MODEL-E,2024-08-01,2025-05-01,2025-05-01,2025-07-30,2025-07-30,2025-10-28,34.58823529411765,2.0,44,8.647058823529413,32.58823529411765,32.58823529411765,0.0,32.58823529411765
2025-05-01,PN-1013,MODEL-E,2024-08-01,2025-05-01,2025-05-01,2025-07-30,2025-07-30,2025-10-28,67.41176470588235,3.0,85,16.852941176470587,64.41176470588235,64.41176470588235,0.0,64.41176470588235
2025-05-01,PN-1014,MODEL-E,2024-08-01,2025-05-01,2025-05-01,2025-07-30,2025-07-30,2025-10-28,111.44117647058825,5.0,140,27.86029411764706,106.44117647058825,106.44117647058825,0.0,106.44117647058825
2025-05-01,PN-1015,MODEL-F,2024-08-01,2025-05-01,2025-05-01,2025-07-30,2025-07-30,2025-10-28,47.18181818181818,9.0,59,11.795454545454545,38.18181818181818,38.18181818181818,0.0,38.18181818181818
2025-05-01,PN-1016,MODEL-F,2024-08-01,2025-05-01,2025-05-01,2025-07-30,2025-07-30,2025-10-28,42.27272727272728,4.0,53,10.56818181818182,38.27272727272728,38.27272727272728,0.0,38.27272727272728
2025-05-01,PN-1017,MODEL-F,2024-08-01,2025-05-01,2025-05-01,2025-07-30,2025-07-30,2025-10-28,56.18181818181818,2.0,71,14.045454545454545,54.18181818181818,54.18181818181818,0.0,54.18181818181818
2025-05-01,PN-1018,MODEL-G,2024-08-01,2025-05-01,2025-05-01,2025-07-30,2025-07-30,2025-10-28,33.333333333333336,3.0,42,8.333333333333334,30.333333333333336,30.333333333333336,0.0,30.333333333333336
2025-05-01,PN-1019,MODEL-G,2024-08-01,2025-05-01,2025-05-01,2025-07-30,2025-07-30,2025-10-28,16.666666666666668,5.0,21,4.166666666666667,11.666666666666668,11.666666666666668,0.0,11.666666666666668
2025-05-01,PN-1020,MODEL-G,2024-08-01,2025-05-01,2025-05-01,2025-07-30,2025-07-30,2025-10-28,96.83333333333331,0.0,122,24.20833333333333,96.83333333333331,96.83333333333331,0.0,96.83333333333331
2025-05-01,PN-1021,MODEL-H,2024-08-01,2025-05-01,2025-05-01,2025-07-30,2025-07-30,2025-10-28,66.0,15.0,83,16.5,51.0,51.0,0.0,51.0
2025-05-01,PN-1022,MODEL-H,2024-08-01,2025-05-01,2025-05-01,2025-07-30,2025-07-30,2025-10-28,54.0,0.0,68,13.5,54.0,54.0,0.0,54.0
2025-05-01,PN-1023,MODEL-H,2024-08-01,2025-05-01,2025-05-01,2025-07-30,2025-07-30,2025-10-28,30.0,12.0,38,7.5,18.0,18.0,0.0,18.0
2025-05-01,PN-1024,MODEL-I,2024-08-01,2025-05-01,2025-05-01,2025-07-30,2025-07-30,2025-10-28,76.19999999999999,0.0,96,19.049999999999997,76.19999999999999,76.19999999999999,0.0,76.19999999999999
2025-05-01,PN-1025,MODEL-I,2024-08-01,2025-05-01,2025-05-01,2025-07-30,2025-07-30,2025-10-28,74.39999999999999,5.0,93,18.599999999999998,69.39999999999999,69.39999999999999,0.0,69.39999999999999
2025-05-01,PN-1026,MODEL-I,2024-08-01,2025-05-01,2025-05-01,2025-07-30,2025-07-30,2025-10-28,26.400000000000002,1.0,33,6.6000000000000005,25.400000000000002,25.400000000000002,0.0,25.400000000000002
2025-05-01,PN-1027,MODEL-J,2024-08-01,2025-05-01,2025-05-01,2025-07-30,2025-07-30,2025-10-28,42.0,4.0,53,10.5,38.0,38.0,0.0,38.0
2025-05-01,PN-1028,MODEL-J,2024-08-01,2025-05-01,2025-05-01,2025-07-30,2025-07-30,2025-10-28,48.0,9.0,60,12.0,39.0,39.0,0.0,39.0
2025-05-01,PN-1029,MODEL-J,2024-08-01,2025-05-01,2025-05-01,2025-07-30,2025-07-30,2025-10-28,63.0,0.0,79,15.75,63.0,63.0,0.0,63.0
2025-06-01,PN-1000,MODEL-A,2024-09-01,2025-06-01,2025-06-01,2025-08-30,2025-08-30,2025-11-28,15.0,0.0,19,3.75,15.0,15.0,0.0,15.0
2025-06-01,PN-1001,MODEL-A,2024-09-01,2025-06-01,2025-06-01,2025-08-30,2025-08-30,2025-11-28,39.0,17.0,49,9.75,22.0,22.0,0.0,22.0
2025-06-01,PN-1002,MODEL-A,2024-09-01,2025-06-01,2025-06-01,2025-08-30,2025-08-30,2025-11-28,60.0,6.0,75,15.0,54.0,54.0,0.0,54.0
2025-06-01,PN-1003,MODEL-B,2024-09-01,2025-06-01,2025-06-01,2025-08-30,2025-08-30,2025-11-28,27.333333333333332,4.0,35,6.833333333333333,23.333333333333332,23.333333333333332,0.0,23.333333333333332
2025-06-01,PN-1004,MODEL-B,2024-09-01,2025-06-01,2025-06-01,2025-08-30,2025-08-30,2025-11-28,31.666666666666668,4.0,40,7.916666666666667,27.666666666666668,27.666666666666668,0.0,27.666666666666668
2025-06-01,PN-1005,MODEL-B,2024-09-01,2025-06-01,2025-06-01,2025-08-30,2025-08-30,2025-11-28,31.666666666666668,5.0,40,7.916666666666667,26.666666666666668,26.666666666666668,0.0,26.666666666666668
2025-06-01,PN-1006,MODEL-C,2024-09-01,2025-06-01,2025-06-01,2025-08-30,2025-08-30,2025-11-28,160.5,8.0,201,40.125,152.5,152.5,0.0,152.5
2025-06-01,PN-1007,MODEL-C,2024-09-01,2025-06-01,2025-06-01,2025-08-30,2025-08-30,2025-11-28,135.0,1.0,169,33.75,134.0,134.0,0.0,134.0
2025-06-01,PN-1008,MODEL-C,2024-09-01,2025-06-01,2025-06-01,2025-08-30,2025-08-30,2025-11-28,112.5,15.0,141,28.125,97.5,97.5,0.0,97.5
2025-06-01,PN-1009,MODEL-D,2024-09-01,2025-06-01,2025-06-01,2025-08-30,2025-08-30,2025-11-28,88.125,17.0,111,22.03125,71.125,71.125,0.0,71.125
2025-06-01,PN-1010,MODEL-D,2024-09-01,2025-06-01,2025-06-01,2025-08-30,2025-08-30,2025-11-28,69.46875,7.0,87,17.3671875,62.46875,62.46875,0.0,62.46875
2025-06-01,PN-1011,MODEL-D,2024-09-01,2025-06-01,2025-06-01,2025-08-30,2025-08-30,2025-11-28,52.875,5.0,67,13.21875,47.875,47.875,0.0,47.875
2025-06-01,PN-1012,MODEL-E,2024-09-01,2025-06-01,2025-06-01,2025-08-30,2025-08-30,2025-11-28,39.375,11.0,50,9.84375,28.375,28.375,0.0,28.375
2025-06-01,PN-1013,MODEL-E,2024-09-01,2025-06-01,2025-06-01,2025-08-30,2025-08-30,2025-11-28,129.375,0.0,162,32.34375,129.375,129.375,0.0,129.375
2025-06-01,PN-1014,MODEL-E,2024-09-01,2025-06-01,2025-06-01,2025-08-30,2025-08-30,2025-11-28,128.25,5.0,161,32.0625,123.25,123.25,0.0,123.25
2025-06-01,PN-1015,MODEL-F,2024-09-01,2025-06-01,2025-06-01,2025-08-30,2025-08-30,2025-11-28,30.0,10.0,38,7.5,20.0,20.0,0.0,20.0
2025-06-01,PN-1016,MODEL-F,2024-09-01,2025-06-01,2025-06-01,2025-08-30,2025-08-30,2025-11-28,55.5,4.0,70,13.875,51.5,51.5,0.0,51.5
2025-06-01,PN-1017,MODEL-F,2024-09-01,2025-06-01,2025-06-01,2025-08-30,2025-08-30,2025-11-28,52.5,2.0,66,13.125,50.5,50.5,0.0,50.5
2025-06-01,PN-1018,MODEL-G,2024-09-01,2025-06-01,2025-06-01,2025-08-30,2025-08-30,2025-11-28,65.76923076923077,3.0,83,16.442307692307693,62.769230769230774,62.769230769230774,0.0,62.769230769230774
2025-06-01,PN-1019,MODEL-G,2024-09-01,2025-06-01,2025-06-01,2025-08-30,2025-08-30,2025-11-28,57.692307692307686,9.0,73,14.423076923076922,48.692307692307686,48.692307692307686,0.0,48.692307692307686
2025-06-01,PN-1020,MODEL-G,2024-09-01,2025-06-01,2025-06-01,2025-08-30,2025-08-30,2025-11-28,142.0,0.0,178,35.5,142.0,142.0,0.0,142.0
2025-06-01,PN-1021,MODEL-H,2024-09-01,2025-06-01,2025-06-01,2025-08-30,2025-08-30,2025-11-28,66.0,10.0,83,16.5,56.0,56.0,0.0,56.0
2025-06-01,PN-1022,MODEL-H,2024-09-01,2025-06-01,2025-06-01,2025-08-30,2025-08-30,2025-11-28,72.0,0.0,90,18.0,72.0,72.0,0.0,72.0
2025-06-01,PN-1023,MODEL-H,2024-09-01,2025-06-01,2025-06-01,2025-08-30,2025-08-30,2025-11-28,57.0,4.0,72,14.25,53.0,53.0,0.0,53.0
2025-06-01,PN-1024,MODEL-I,2024-09-01,2025-06-01,2025-06-01,2025-08-30,2025-08-30,2025-11-28,102.44117647058823,0.0,129,25.610294117647058,102.44117647058823,102.44117647058823,0.0,102.44117647058823
2025-06-01,PN-1025,MODEL-I,2024-09-01,2025-06-01,2025-06-01,2025-08-30,2025-08-30,2025-11-28,59.29411764705881,6.0,75,14.823529411764703,53.29411764705881,53.29411764705881,0.0,53.29411764705881
2025-06-01,PN-1026,MODEL-I,2024-09-01,2025-06-01,2025-06-01,2025-08-30,2025-08-30,2025-11-28,28.941176470588232,1.0,37,7.235294117647058,27.941176470588232,27.941176470588232,0.0,27.941176470588232
2025-06-01,PN-1027,MODEL-J,2024-09-01,2025-06-01,2025-06-01,2025-08-30,2025-08-30,2025-11-28,42.0,0.0,53,10.5,42.0,42.0,0.0,42.0
2025-06-01,PN-1028,MODEL-J,2024-09-01,2025-06-01,2025-06-01,2025-08-30,2025-08-30,2025-11-28,33.0,0.0,42,8.25,33.0,33.0,0.0,33.0
2025-06-01,PN-1029,MODEL-J,2024-09-01,2025-06-01,2025-06-01,2025-08-30,2025-08-30,2025-11-28,42.0,1.0,53,10.5,41.0,41.0,0.0,41.0
